{"cameraMode":{"drawMode":0,"name":"Shaded","section":"Shading Mode"},"sceneLighting":true,"audioPlay":false,"sceneViewState":{"showFog":true,"showMaterialUpdate":false,"showSkybox":true,"showFlares":true,"showImageEffects":true,"showParticleSystems":true},"in2DMode":false,"pivot":{"x":4.105658054351807,"y":2.3524093627929689,"z":-19.683307647705079},"rotation":{"x":-0.09765386581420899,"y":0.0020885197445750238,"z":-0.0002041645348072052,"w":-0.9952226877212524},"size":10.0,"orthographic":false}